blockNumber,timeStamp,hash,nonce,blockHash,transactionIndex,from,to,value,gas,gasPrice,isError,txreceipt_status,contractAddress,gasUsed,tx_type,weiSpentOnGas
13038581,1629147761,0xece00db63c4908ee32c20d8be0b28e100fc00cc3a8e5d87d5bd9f7e91a6d9b61,291,0x5d5b4b162481eac29118b90663e5d580903cf16171c3e2fbeebc6f6ca174d805,320,0xBedf3Cf16ba1FcE6c3B751903Cf77E51d51E05b8,0x29d23b73dd0ed729f516bb55622765af102f0e33,0,50710,48747091909,0,1,,33593,transaction,1.63756E+15
13038601,1629148072,0x4f467a1d8a6614ad018151a0f8e10dc2110c38e4b11ccce2ba80f024be5d61d8,292,0x5be38f3d8085935d1fbec9e2d7f7e1c49b3c21c5197e5ef5cba813a5aed3488e,76,0xBedf3Cf16ba1FcE6c3B751903Cf77E51d51E05b8,0xa2a182c5b5ea1a3c90cb5bb718f9e62dbe052927,0,1028386,47991968914,0,1,,605351,transaction,2.91E+16
13039345,1629157961,0xbda4fa8ff079192b39a1161da9a7545649d5489b68fc8cd03ba53142b6489c52,293,0xb9ed20dc6dd81b63dc47adb327200386acdece7247f329973bebea7be2062ef0,60,0xBedf3Cf16ba1FcE6c3B751903Cf77E51d51E05b8,0x29d23b73dd0ed729f516bb55622765af102f0e33,0,1281540,37000000000,0,1,,747814,transaction,2.77E+16
13039893,1629165144,0x60419af03593ba4e75a40222ed36f7d1cb8607bee9c26915ef5f78282075b0ed,294,0xc0a00f0e5845ff8e527f401735a95ea0616d48c6a3b79f127107cb5d72a46815,384,0xBedf3Cf16ba1FcE6c3B751903Cf77E51d51E05b8,0x92be6adb6a12da0ca607f9d87db2f9978cd6ec3e,5E+16,709548,52453278579,0,1,,516036,transaction,2.71E+16
13043243,1629210314,0x075be93ec81a3dffc51b4f8883359f432dd3b8356a73226716a41f4d94a0d303,295,0xc20024dbe80f623b6d880f07e8f8d20a05ba11f84e328e0a190e54e1225a2a33,59,0xBedf3Cf16ba1FcE6c3B751903Cf77E51d51E05b8,0xc02aaa39b223fe8d0a0e5c4f27ead9083c756cc2,0,46364,58792895035,0,1,,46364,transaction,2.72587E+15
13043246,1629210336,0x010b0b05f18ab24d07958b4831e174593cecbf895ca1bedf8dd66cba652cb152,296,0xa2982e18dd7b0674f196321e6931494bdc5c4077e3c8493405a5e3ae9ee8ea3b,202,0xBedf3Cf16ba1FcE6c3B751903Cf77E51d51E05b8,0x41c84c0e2ee0b740cf0d31f63f3b6f627dc6b393,0,162341,52006364237,0,1,,150683,transaction,7.83647E+15
13043262,1629210557,0x8fb354675de493b76b1ab9191696c941833ae90a204da12e2e065e2bad218f7e,297,0xde4a789e45c1f2be81673d34e638abfac90740b56843e9fe31f957572cabdcf8,60,0xBedf3Cf16ba1FcE6c3B751903Cf77E51d51E05b8,0xab1c342c7bf5ec5f02adea1c2270670bca144cbb,0,101744,54933208755,0,1,,100763,transaction,5.53523E+15
13043273,1629210696,0x7e56fb7feb44ea39064dd021fb6fc4ae9d10c0962a7155f91874120c434c1fff,298,0x1e04b27f064d7be56f2e7934c619fd7dba861e7936e6bf071a2d5fa6f7061056,81,0xBedf3Cf16ba1FcE6c3B751903Cf77E51d51E05b8,0x8e595470ed749b85c6f7669de83eae304c2ec68f,0,348345,57593889370,0,1,,338565,transaction,1.95E+16
13051147,1629315558,0xdfd4cfd96e01236cabc76de856f80e14a97a8b13c325faf8f85634000a681daf,299,0xe188bc1e19cf2fdc59c18646de64b7ca8fcbc677b67a6743da83f26d9c60d156,84,0xBedf3Cf16ba1FcE6c3B751903Cf77E51d51E05b8,0xe14d13d8b3b85af791b2aadd661cdbd5e6097db1,0,109366,55000000000,0,1,,84691,transaction,4.65801E+15
13051249,1629316827,0x45644a4326e9429a817f325b94bad0d9eed61fc9770574612d3b5db361d6aea1,300,0x892604e97175ec7c6f8a18ad7486572591c5725a3ea395839dfd2fcc8d739db7,135,0xBedf3Cf16ba1FcE6c3B751903Cf77E51d51E05b8,0x6b175474e89094c44da98b954eedeac495271d0f,0,52020,43039779101,0,1,,46458,transaction,1.99954E+15
13051524,1629320402,0xdbd5b472e0e2a250b501ca02a62c3996e19c297ad53534598497e2e79ce9ec71,301,0xa6ae91929ec52d7e3526b3f2befb6a2bea48e19e10c06ad802e549f981ed0ee9,367,0xBedf3Cf16ba1FcE6c3B751903Cf77E51d51E05b8,0xe14d13d8b3b85af791b2aadd661cdbd5e6097db1,0,117949,36474532955,0,1,,91450,transaction,3.3356E+15
13051559,1629320967,0xa078eeb15274a496aeab7a4b00493677b4f3d0382fb3d1431afc41b07416e42a,302,0x0a4947b583a7e8d4dd51cd3b386c48c793e7eac83764008cfc81894064893943,139,0xBedf3Cf16ba1FcE6c3B751903Cf77E51d51E05b8,0x5d3a536e4d6dbd6114cc1ead35777bab948e3643,0,242020,38971586379,0,1,,184800,transaction,7.20195E+15
13051657,1629322326,0x91238b416636944d130c176d9c361bf5b266f088f65096bf2b76452c05cb0e7e,303,0x0f18f6fba85b1e2708a00558c346403afb14969b703ae896d48052ff6b323d2e,48,0xBedf3Cf16ba1FcE6c3B751903Cf77E51d51E05b8,0x3d9819210a31b4961b30ef54be2aed79b9c9cd3b,0,122020,42128466565,0,1,,98554,transaction,4.15193E+15
13051799,1629324240,0x229b3c5df158a8e6a1d1f08109d026e42614d349dc9790a8445031c545bcd47f,304,0x2c33dcb5fd5b6d8a52f7f0a1ec83cda27f036255174f44c9604fc70cc1e5381a,165,0xBedf3Cf16ba1FcE6c3B751903Cf77E51d51E05b8,0x39aa39c021dfbae8fac545936693ac917d5e7563,0,432020,32085578295,0,1,,346635,transaction,1.11E+16
13052153,1629329084,0x78bdd7a4acb248f84e028352b91c35412324f39698946f9ea5a0541d0d4c73a3,305,0x5406a622aea8e2c6effcf22a0874ff5f70c4db6d7f794726b008ef56998e9875,28,0xBedf3Cf16ba1FcE6c3B751903Cf77E51d51E05b8,0x16388463d60ffe0661cf7f1f31a7d658ac790ff7,0,5000000,47549575879,0,1,,417878,transaction,1.99E+16
13052160,1629329162,0x349428084b199ab8dfc1863a83c81de17ded132427dc3d11db3323006027769a,306,0xc4503eb23b29c23a4ea7ae9ebecc8fa4f8ce770029f9ad0bd0767777e1b717df,131,0xBedf3Cf16ba1FcE6c3B751903Cf77E51d51E05b8,0x16388463d60ffe0661cf7f1f31a7d658ac790ff7,0,3000000,39120132234,0,1,,101189,transaction,3.95853E+15
13052249,1629330649,0xf5f96489dbbfcc9ddb8c09079363488dbd5c9888eb7bdd9300996c66199bec92,307,0x5d6ca2c162a2b5e1811e5afde1178f680c5580f8158180e46daa8e871750d5d2,66,0xBedf3Cf16ba1FcE6c3B751903Cf77E51d51E05b8,0x16388463d60ffe0661cf7f1f31a7d658ac790ff7,0,5000000,49557893627,0,1,,899545,transaction,4.46E+16
13056496,1629386738,0x9333cf159317a7d455ac31b8172182d8a1247521cca078dde80d5f536e105cfa,308,0x7e8fc8afe932b6b1a147ebdca2732d483b63cce69b914714d45f9da9286a9198,77,0xBedf3Cf16ba1FcE6c3B751903Cf77E51d51E05b8,0x16388463d60ffe0661cf7f1f31a7d658ac790ff7,0,5000000,48821320833,0,1,,417066,transaction,2.04E+16
13059984,1629433455,0x2f8cd1d80a50aa2f72b11b931b6185c1468b26761cdd7de5535042402bad3cb9,309,0xc264e363ce1ad74fddcf17213f6f446278e3c1ce4fb1af628a991cbc713345c5,43,0xBedf3Cf16ba1FcE6c3B751903Cf77E51d51E05b8,0x16388463d60ffe0661cf7f1f31a7d658ac790ff7,0,8000000,38315992799,0,1,,2842093,transaction,1.09E+17
13063746,1629484412,0x9dae04e6e6badcdd2c3ddadd385cd530a535a34dff5517a675a25d6806ba5988,310,0x1bd6388247d624621af12026b5a70e779d01f6b99ad0660e9f36b70a7811f83c,161,0xBedf3Cf16ba1FcE6c3B751903Cf77E51d51E05b8,0x6c0496fc55eb4089f1cf91a4344a2d56face51e3,0,2907352,46153653006,0,1,,1593166,transaction,7.35E+16
13063864,1629485893,0xa773ca5160226971c31292d4b05d4e47dc793c4d762b14f5bd21cf6b2495516f,311,0x452780625fc63070fb6d506c6dfbe950db37c40c892472a5706b92257d1b9423,86,0xBedf3Cf16ba1FcE6c3B751903Cf77E51d51E05b8,0xf0aaba6bb8e6bae83ea984bc4b7dcf0ff54a8fef,0,2329378,45981326075,0,1,,1248811,transaction,5.74E+16
13063934,1629486686,0x7dc9684fe6ce7557b69ebfee221d1debbe539310974c7b82bd0f6f300f227758,312,0x5cef91ad8a5ea733bb103dd63ac900b115ada689f20d7366f2a67a2a1f4a0370,26,0xBedf3Cf16ba1FcE6c3B751903Cf77E51d51E05b8,0x16388463d60ffe0661cf7f1f31a7d658ac790ff7,0,3000000,43859998425,0,1,,1243617,transaction,5.45E+16
13064442,1629493305,0xf6055873c38e5e9ebd320a00d5f834935a3368a74f7ac566735a6e09159d7da4,313,0xaec289f66a47ee5ed32c1b2e5876bbfc19af7fcf3c1ffaaa1253a4dcbb33704b,136,0xBedf3Cf16ba1FcE6c3B751903Cf77E51d51E05b8,0x16388463d60ffe0661cf7f1f31a7d658ac790ff7,0,121135,41197694780,0,1,,119783,transaction,4.93478E+15
13064520,1629494251,0x8c1ddb7d325e38c4d61526acc1d5cccb5430f1532dbe7a81353021688a08cc35,314,0xc72ed1b54a63b747dade0271b01b4dc6fce4f718b66102f369cdb5209e99deb9,58,0xBedf3Cf16ba1FcE6c3B751903Cf77E51d51E05b8,0x16388463d60ffe0661cf7f1f31a7d658ac790ff7,0,3000000,38620709997,0,1,,1035563,transaction,4.00E+16
13064938,1629499114,0x741e3e7d698f1bc824e52bca54e57ca6e690a9cf6aead845ed39d648c3b0642a,315,0x5d03b84b53961d28ba590c6df2abb659043351f9d3b1f379eb3601a836a95f09,191,0xBedf3Cf16ba1FcE6c3B751903Cf77E51d51E05b8,0x16388463d60ffe0661cf7f1f31a7d658ac790ff7,0,3000000,30264425193,0,1,,1637921,transaction,4.96E+16
13065414,1629505234,0x5764237305177cb88bdf3c458a9a642e652aa1180ceee261c84b2b9098ab44bb,316,0x680d31d82c3aad2f3a10920f5f9703e3a964421d77af3f637c1c5a275dca4e7b,62,0xBedf3Cf16ba1FcE6c3B751903Cf77E51d51E05b8,0x16388463d60ffe0661cf7f1f31a7d658ac790ff7,0,10000000,28088998307,0,1,,6662626,transaction,1.87E+17
13065528,1629506751,0x2fc06f959d46405705751eb5f5f68076888e5765029a49a8e970225115deac3e,317,0xff02f291295704a12a18840536d052cf7b792ef914e18ecea0c20cb004d486d1,296,0xBedf3Cf16ba1FcE6c3B751903Cf77E51d51E05b8,0x16388463d60ffe0661cf7f1f31a7d658ac790ff7,0,4000000,24408733510,0,1,,2141560,transaction,5.23E+16
13065817,1629510513,0xb208acbb30476c7bde67af18c4a1e966f8cbc611442c32083bd5d356e500d68f,318,0x6e21c8afc9d037836c5b8e94d0c584fe8a90afaed6a687075cbd592baf764188,62,0xBedf3Cf16ba1FcE6c3B751903Cf77E51d51E05b8,0x16388463d60ffe0661cf7f1f31a7d658ac790ff7,0,4000000,26745084709,0,1,,2382835,transaction,6.37E+16
13076924,1629659302,0xa8625655dee16111e94043f79ac698058e96187636cb634231323380b1449331,319,0x0532ff5fc4ce5e733bff2cd8af0539fa83b9ef9f8c0bec52adee5db23032b9ba,57,0xBedf3Cf16ba1FcE6c3B751903Cf77E51d51E05b8,0x2055cfd5cdbc90c60a202a1ac3ddfb71aec1ce98,0,42313,42667199124,0,1,,28209,transaction,1.2036E+15
13076925,1629659306,0xd508a293e71fa057986377faac8e1b5c9e0605f70bf35730ca5ba0ea68047f23,320,0xbcdd0c7e75d8aec073346119c5215677f717be507877cacc8a606d7a3431dbd6,120,0xBedf3Cf16ba1FcE6c3B751903Cf77E51d51E05b8,0xf0aaba6bb8e6bae83ea984bc4b7dcf0ff54a8fef,0,42247,39959211658,0,1,,28165,transaction,1.12545E+15
13076925,1629659306,0x9f8d36af78b228eba588b2d87f332d567c3094243c817d62189223c158b0cdce,321,0xbcdd0c7e75d8aec073346119c5215677f717be507877cacc8a606d7a3431dbd6,123,0xBedf3Cf16ba1FcE6c3B751903Cf77E51d51E05b8,0x6d892a5585f45f3c45a238c717aa0a228ae69e2c,0,42313,39903507890,0,1,,28209,transaction,1.12564E+15
13076932,1629659379,0x01a3a3c1ab3d0518454a7a559384cc47873e2f893ce973b698a60c8dc683d50a,322,0x4a8eb7e1434eedfb23c81cc8a7f457b78ba071b11d2ef8fac7c7a9634dd290e4,236,0xBedf3Cf16ba1FcE6c3B751903Cf77E51d51E05b8,0x22d07f42cf4d077e765560ff6a741ef8e851091c,0,42345,38392095220,0,1,,28230,transaction,1.08381E+15
13076933,1629659398,0x53e8565be56213073d8a8bf51873010a5f76e49b2263879a0a1baf0176eec8bb,323,0xabd97191f72a03561587796ad57b359674e5a68df7bea2013cf9bd5b8a813a91,261,0xBedf3Cf16ba1FcE6c3B751903Cf77E51d51E05b8,0x6c0496fc55eb4089f1cf91a4344a2d56face51e3,0,42280,42939910384,0,1,,28187,transaction,1.21035E+15
13085450,1629773532,0x5a15f23b8f02b356d6a02235c8c0b4fa74bb0275688e5956905bcd3a1e491f59,324,0x8564b7b0d29e59cc80954fa1f74373689103d424032c4b2a72f9c2a885a9932b,65,0xBedf3Cf16ba1FcE6c3B751903Cf77E51d51E05b8,0xa2a182c5b5ea1a3c90cb5bb718f9e62dbe052927,0,1057051,73485805175,0,1,,624461,transaction,4.59E+16
13092067,1629861498,0x591cfa32137a39b34d55a0ae510ee0446a0745af700ce21647a2523a95270175,325,0x3558062ca87e231bf25ee7096c5fe7dca8c8384523d1045ebe4f8a8f1953e717,466,0xBedf3Cf16ba1FcE6c3B751903Cf77E51d51E05b8,0xa0b86991c6218b36c1d19d4a2e9eb0ce3606eb48,0,90726,60000000000,0,1,,60035,transaction,3.6021E+15
13092070,1629861536,0x229e1102b50278aa379d53c806cc2fb964896bc276b2ef123fe284c193ee63a7,326,0xede19bcd1948b6ea26cb3904a6931fd4ae1893b41a6218eb231cca938e581660,86,0xBedf3Cf16ba1FcE6c3B751903Cf77E51d51E05b8,0x597ad1e0c13bfe8025993d9e79c69e1c0233522e,0,315148,66913193105,0,1,,205299,transaction,1.37E+16
13092085,1629861787,0xfc95675b09218e8f7fc742511cda723f6ffb4362525c41aff938c75a1e833c5f,327,0x2464bc77d0a19db0eda8e8111cecc2c1b2d8867d460f8c418026664f8e5307d4,68,0xBedf3Cf16ba1FcE6c3B751903Cf77E51d51E05b8,0x16388463d60ffe0661cf7f1f31a7d658ac790ff7,0,1000000,75759863649,0,1,,149664,transaction,1.13E+16
13096715,1629924050,0x46f34dbe07f3bd5ec40cabc126830c2f01113d035dd767272b67cc5d9f0252b4,328,0x6b351923a9e1ba934cc1a53458f84ab2b01cc527f18fd5dcbedf1825902d2baa,284,0xBedf3Cf16ba1FcE6c3B751903Cf77E51d51E05b8,0xb71252d990483079ccf76a85b623059b5e33d3db,0,1126495,80000000000,0,1,,659426,transaction,5.28E+16
13096784,1629925111,0x0dacc12961e0d0a05e6c2fb86437334d6bf3a1803769b5d57619b47a544b8178,329,0x9da9d3c8236020c04553a76c685726ba79b5871225eb23244e0768c85728a92d,165,0xBedf3Cf16ba1FcE6c3B751903Cf77E51d51E05b8,0x95730d3e374b5e1f5b550af059af86d23fea79e3,0,1270188,90000000000,1,0,,821575,transaction,7.39E+16
13097837,1629938737,0x1927b0d5747c42ec0832078ef9704ddf5a47d27d4d0052e0560baf6b077f1ea8,330,0xb5325f14e4b63c0fbb6901925c449abc9687f0f8e00a70ba5af27a6bca1ced8d,111,0xBedf3Cf16ba1FcE6c3B751903Cf77E51d51E05b8,0xb71252d990483079ccf76a85b623059b5e33d3db,0,436117,80000000000,0,1,,259106,transaction,2.07E+16
13102179,1629996440,0xb392f1762a595532f6c3856f589cfd9d955d9d5c08c87c8b0260f5310ae788d2,331,0x861faf90fc6074d97a54f9e96ea9b740144e347ac2ad9db64d72a2c07103cd7a,66,0xBedf3Cf16ba1FcE6c3B751903Cf77E51d51E05b8,0x16388463d60ffe0661cf7f1f31a7d658ac790ff7,0,2000000,1.19806E+11,0,1,,114585,transaction,1.37E+16
13102926,1630006213,0xb281a2fe2d668bddc07fd0c8534840332a1bb59ed824f6366417882ad40ca7d1,332,0xd904acf1b80d57f53ea5b8fbac5be45069b1f8436f328f0d99d5e4af7dca0dae,79,0xBedf3Cf16ba1FcE6c3B751903Cf77E51d51E05b8,0x16388463d60ffe0661cf7f1f31a7d658ac790ff7,0,2000000,72035060735,0,1,,108841,transaction,7.84037E+15
13104587,1630028686,0x905248461f6d7952ba992c5d87efa6a9560a2152777d0a4b144c8f832b384c6a,333,0xd72ec5961459565aeac51d8b9858270220e3dc9710d7fb43cadd667d314c17d4,238,0xBedf3Cf16ba1FcE6c3B751903Cf77E51d51E05b8,0x50c1a2ea0a861a967d9d0ffe2ae4012c2e053804,0,499463,80000000000,0,1,,446471,transaction,3.57E+16
13104687,1630029935,0x762c996883588f1d424b7f0bd4cc62f21fb4ab7b5be17ebb1fb1edc4823997b4,334,0x592da195eaea4339fb4a2a4c32511c92975e7300f0ec31e91b1b70e5cd1062ab,264,0xBedf3Cf16ba1FcE6c3B751903Cf77E51d51E05b8,,0,3956486,73448332806,0,1,0x26ab2029083909feeff8cb0fa04c1cff52499de7,3956486,transaction,2.91E+17
13104761,1630030737,0x2fede960b8c12e7860c4056dbcfb64b548f790efa0a532908b532e00b10b10d8,335,0x10705524a461802d90da39e127ed1285c8db602fac13ca9624816f0c81a74ec9,124,0xBedf3Cf16ba1FcE6c3B751903Cf77E51d51E05b8,,0,4642503,71988315050,0,1,0x5e10e27deae12877e23a68cc0d6f1b134b4d517a,4642503,transaction,3.34E+17
13105019,1630034375,0x60aacf49545e8cda6c8787f73374f177071314f48866a859457f5ff1dc1357d2,336,0x6b59faa8db15839e9c819f716e355de5419c73815b14c0280be4fb8269405da7,112,0xBedf3Cf16ba1FcE6c3B751903Cf77E51d51E05b8,0x16388463d60ffe0661cf7f1f31a7d658ac790ff7,0,2000000,77697237970,0,1,,909479,transaction,7.07E+16
13105040,1630034562,0x2120625bbe7a2fbc952b2a17eb1aede9f6d75ce6fc199834aebc8b6add0af34b,337,0xcef25dab8e7a4dff132e87ef5ec9133bfdd639d382b9db671efc4ac9095ad773,122,0xBedf3Cf16ba1FcE6c3B751903Cf77E51d51E05b8,0x16388463d60ffe0661cf7f1f31a7d658ac790ff7,0,2000000,79750000000,1,0,,50224,transaction,4.00536E+15
13105061,1630034762,0xec567d5eb38d462cb512e5449db946ebda8618c5b5b01937035a22535263dabd,338,0x49e75cee5ebb33db62895b47f76d0c9db8a0d2223c3a0ec809b2c3b61c3d3353,152,0xBedf3Cf16ba1FcE6c3B751903Cf77E51d51E05b8,0x16388463d60ffe0661cf7f1f31a7d658ac790ff7,0,5000000,61779580212,0,1,,526134,transaction,3.25E+16
13105106,1630035517,0x911a5f3e906b57f99bb728ed9f6373be2bfff317147f2cbd7387ec39c23e670e,339,0x1f039d93976a5c1f7641333774085a5366a6ee31627e794e6dbd73c0a1d0a804,147,0xBedf3Cf16ba1FcE6c3B751903Cf77E51d51E05b8,0x50c1a2ea0a861a967d9d0ffe2ae4012c2e053804,0,499896,86357671645,0,1,,446851,transaction,3.86E+16
13115936,1630180587,0xbc9ea0c7b9fbca32b9f0c97be6c6171a1bf49c1c9d9adee2af37a90596a5df8a,340,0x78ba9e1ec21755638f232050160d99046b296939657fe2e66ebd68f6e00defe2,25,0xBedf3Cf16ba1FcE6c3B751903Cf77E51d51E05b8,0x16388463d60ffe0661cf7f1f31a7d658ac790ff7,0,8000000,66630899557,0,1,,3234809,transaction,2.16E+17
13116315,1630185749,0x9acf2397c775a6ca2ec359f8bd353f2302b239c3a16598c324d9739df53a4b00,341,0x77c83bf579890500e2628e35a3a65525b728d3460dad5cee011a320bf7640272,249,0xBedf3Cf16ba1FcE6c3B751903Cf77E51d51E05b8,0x597ad1e0c13bfe8025993d9e79c69e1c0233522e,0,310387,57338927427,0,1,,201369,transaction,1.15E+16
13117674,1630203801,0xa5c92078bf4b1dbf532957374b053e5489a7b1100331aa0ea02229ed85ef52bf,342,0x4660eb9d942d03b74e03e7f22c9254b39e798b1f7cf671fabd2da6e29afd648f,253,0xBedf3Cf16ba1FcE6c3B751903Cf77E51d51E05b8,0xe592427a0aece92de3edee1f18e0157c05861564,0,251434,63887569024,0,1,,180923,transaction,1.16E+16
13117682,1630203871,0x810b73a78a47993dc07dc78f7aba031e0810bb0100a86daeaf64cf09ed3d8506,343,0x489d83cdc7901f727970c366e6898f1172c7ce99be0e5c77abdcae5c4c7405f5,218,0xBedf3Cf16ba1FcE6c3B751903Cf77E51d51E05b8,0xc581b735a1688071a1746c968e0798d642ede491,0,54131,65327713784,0,1,,53786,transaction,3.51372E+15
13117686,1630203966,0xbc715772822277b7b4b11d63e38e58cbf9d3501418ac51870ef96e95db552fa5,344,0x87cb59a2cbc010f01c2f83cdcd430166946b26c152eceece13b98c62f7893c9a,35,0xBedf3Cf16ba1FcE6c3B751903Cf77E51d51E05b8,0xfd5db7463a3ab53fd211b4af195c5bccc1a03890,0,235187,75402478210,0,1,,138886,transaction,1.05E+16
13117694,1630204091,0xe455e03315bf535b1163169d218c21f82b47e193113772ae5fd6a6a32b8ac556,345,0x4469d7ae66f5cd7c1737abac93fc3b4eebf066e724e5ca08f41edcfa4f5bc40d,217,0xBedf3Cf16ba1FcE6c3B751903Cf77E51d51E05b8,0xfd5db7463a3ab53fd211b4af195c5bccc1a03890,0,73879,73858231381,0,1,,48904,transaction,3.61196E+15
13117700,1630204147,0xe7d297db297c505e5abd3f1581f82e6cf00a5dd732ba26948a25db00a1f5aa36,346,0x06b2516eb9e5e9021ceaa1b9967ae0bb9e110d66a8d6412da6da9501ac334465,129,0xBedf3Cf16ba1FcE6c3B751903Cf77E51d51E05b8,0x0d4ea8536f9a13e4fba16042a46c30f092b06aa5,0,219900,72116103011,0,1,,117825,transaction,8.49708E+15
13121960,1630261204,0x040bece7b5116e0c18f2ee600051ff75a0d08c96cc9d191b07d284a36b46c303,347,0x4dcaf8042444671a02b02100260717aa1c72ab3ce51e69729939a25fdd15c219,31,0xBedf3Cf16ba1FcE6c3B751903Cf77E51d51E05b8,0xa2a182c5b5ea1a3c90cb5bb718f9e62dbe052927,0,419901,93518599115,0,1,,252434,transaction,2.36E+16
13121972,1630261277,0xe6f73a2ab0ec0930218a3ece18dd1d8f2fd3467ec9c41d4e91ef92f567908d54,348,0x98227bfa6923f9feb8f29a9e1ca38453a3d3a4958dc0e269dded69dbcb36f0a6,190,0xBedf3Cf16ba1FcE6c3B751903Cf77E51d51E05b8,0x9a5afc29186b5d27f12f8ce6fe9e6bd2cbb2bcdc,0,791190,60000000000,0,1,,487322,transaction,2.92E+16
13122357,1630266916,0x92627b5bfc67a3ed64b7228dcccf01fcd366b2999a4cde8557d7608f7ebfdbac,349,0xe462d51e6cfb9a08aee8403f63164fb616a809d50db94c0acfffeb9e3f693cc8,25,0xBedf3Cf16ba1FcE6c3B751903Cf77E51d51E05b8,0x16388463d60ffe0661cf7f1f31a7d658ac790ff7,0,14500000,97814224053,0,1,,9345142,transaction,9.14E+17
13127147,1630330303,0xd22a868603b249f7b9e3d51d62fdabdb0398622404f3162c7241f554e3651344,356,0xae568f5262909d01a0323414c2f43bee5f1f0851fb717de42c903b10fb367ec9,62,0xBedf3Cf16ba1FcE6c3B751903Cf77E51d51E05b8,0xa2a182c5b5ea1a3c90cb5bb718f9e62dbe052927,0,1078717,89189673492,0,1,,628345,transaction,5.60E+16
13127304,1630332178,0x4c169f576e6a4144ad50f214b3dde5eaaca6c5743ec7f31b041be62e2efb350e,357,0x188ceda31e7ae78fd247769021d80cf11756be60026a5d305e5b426e05286c38,26,0xBedf3Cf16ba1FcE6c3B751903Cf77E51d51E05b8,0x29d23b73dd0ed729f516bb55622765af102f0e33,0,1316202,68332838915,0,1,,783921,transaction,5.36E+16
13127329,1630332479,0x72f533fa6f524ec0fb772f33503435d43b9d1afdcae6b1f011e01c8636efadb9,358,0xb8e3b2d556014189a88f6a3c805e7a6142687ea802996da980a7b831b5a77ee4,40,0xBedf3Cf16ba1FcE6c3B751903Cf77E51d51E05b8,0xb71252d990483079ccf76a85b623059b5e33d3db,0,885585,82484388132,0,1,,493569,transaction,4.07E+16
13127329,1630332479,0x826ab6b0664e47e5bb136437ebfd5919f2aba85f20edb0fb6e96dca00175c009,359,0xb8e3b2d556014189a88f6a3c805e7a6142687ea802996da980a7b831b5a77ee4,41,0xBedf3Cf16ba1FcE6c3B751903Cf77E51d51E05b8,0x9a5afc29186b5d27f12f8ce6fe9e6bd2cbb2bcdc,0,1267443,82484388132,0,1,,723043,transaction,5.96E+16
13127329,1630332479,0xa84ee285757c15e0e490a4cb440e87bfa4326564d74921302330397ff09c6423,360,0xb8e3b2d556014189a88f6a3c805e7a6142687ea802996da980a7b831b5a77ee4,42,0xBedf3Cf16ba1FcE6c3B751903Cf77E51d51E05b8,0x95730d3e374b5e1f5b550af059af86d23fea79e3,0,1138872,82484388132,0,1,,635868,transaction,5.24E+16
13129670,1630363639,0x0c8d6ad1c153e363e55bfd67ead1c520a40047c1ae51a0b3cc67566fbe0d96a8,361,0x82d9137362cc3deafe13f73baa57fac3252fd2a3f875b8851ce1875ed51e3545,72,0xBedf3Cf16ba1FcE6c3B751903Cf77E51d51E05b8,0x16388463d60ffe0661cf7f1f31a7d658ac790ff7,0,2000000,80000000000,0,1,,133591,transaction,1.07E+16
13130887,1630380285,0x33c7fa9c9010b47d5f0c98a903df43e16c7d720a5755abf18812a3382c13db74,362,0x6d3b36305b1f3f8d0772c9df360aa524294568ef2baf642f855dcc0fd51a4c16,136,0xBedf3Cf16ba1FcE6c3B751903Cf77E51d51E05b8,0xe537b5cc158eb71037d4125bdd7538421981e6aa,0,74071,80894362163,0,1,,49026,transaction,3.96593E+15
13135806,1630446124,0xc2649c859da1bac1de051392ef5660870c81cff145cb9d9de932c8cc19a06c6e,363,0xb896c6f016d1de938366b1177001b8b61a4a72d80fe20dcbb4b4b3cd70f2af4e,46,0xBedf3Cf16ba1FcE6c3B751903Cf77E51d51E05b8,0xe14d13d8b3b85af791b2aadd661cdbd5e6097db1,0,57153,90000000000,0,1,,33113,transaction,2.98017E+15
13135808,1630446129,0x7900e1fd287248306492d593fe083ead07429907f86edf124472da6ec545d5a9,364,0x97b60a360f992ce2ccca426839b72053f65fbeb3d566e656202964b689603f22,225,0xBedf3Cf16ba1FcE6c3B751903Cf77E51d51E05b8,0x8ef63b525fcef7f8662d98f77f5c9a86ae7dfe09,1E+17,21000,85000000000,0,1,,21000,transaction,1.785E+15
13136043,1630449204,0x10e7f0b588c1611996a7d46215b594be97537308f80163dbb591d6716187a023,365,0xb7517b6802fe164445932c628ad6a1e914b953e668e9afb71ef9935a83eb1393,179,0xBedf3Cf16ba1FcE6c3B751903Cf77E51d51E05b8,0x16388463d60ffe0661cf7f1f31a7d658ac790ff7,0,1000000,85000000000,0,1,,102011,transaction,8.67094E+15
13137202,1630464435,0x1d97cc4baf049cbf83a6934abdda150e00a9c985d3ef9c043ef94c96e03f0e27,366,0xceed466b7973fafbd6b2c138f324e21ae036ac49e014351957f7fdf61085942c,303,0xBedf3Cf16ba1FcE6c3B751903Cf77E51d51E05b8,0x16388463d60ffe0661cf7f1f31a7d658ac790ff7,0,500000,96828964219,0,1,,91790,transaction,8.88793E+15
13137225,1630464740,0x9997f86ad01d4cd474cde2a89a64ebdedeb27dd309182c20b8135c722df64bcf,367,0x4ea228f0aa574904fe56e07d53109993130df491da48dc775d89bc7a6c99e697,263,0xBedf3Cf16ba1FcE6c3B751903Cf77E51d51E05b8,0x9a5afc29186b5d27f12f8ce6fe9e6bd2cbb2bcdc,0,884514,83010469088,0,1,,548566,transaction,4.55E+16
13137229,1630464794,0xfbcd798878e6504dbcfc66fe4ac987e37d68b48967e67159e32f7e98c801ab80,368,0x5f2e8d77d888f74c5253da328da205cf9f3303849d6142cd190246f96d62a71b,169,0xBedf3Cf16ba1FcE6c3B751903Cf77E51d51E05b8,0xb71252d990483079ccf76a85b623059b5e33d3db,0,524686,87913500222,0,1,,312429,transaction,2.75E+16
13137235,1630464859,0x8c3401023810950a0014d146390cbd4a30c8644d4442297cad8f624cc44a7c2f,369,0x6c098e8d578391b9ba5e046b8589931a35df06f4a3cadb389722834f1d816dc0,253,0xBedf3Cf16ba1FcE6c3B751903Cf77E51d51E05b8,0x95730d3e374b5e1f5b550af059af86d23fea79e3,0,446038,76545474408,0,1,,260816,transaction,2.00E+16
13139997,1630501914,0x89186fd9ec60df7f94b01b55b49c273512679193261dbb8633f4057705235ccc,370,0x1d2a5c2722cecef866fab220368f9fa8d9f335773a82ffeb7f446856d1739511,169,0xBedf3Cf16ba1FcE6c3B751903Cf77E51d51E05b8,0x95730d3e374b5e1f5b550af059af86d23fea79e3,0,441771,87451055741,0,1,,262816,transaction,2.30E+16
13139997,1630501914,0x6a57936a8b8232df5e36aabb5226b9e9104de19f22c2f92ee9c084634846b286,371,0x1d2a5c2722cecef866fab220368f9fa8d9f335773a82ffeb7f446856d1739511,170,0xBedf3Cf16ba1FcE6c3B751903Cf77E51d51E05b8,0xa2a182c5b5ea1a3c90cb5bb718f9e62dbe052927,0,424245,87451055741,0,1,,255330,transaction,2.23E+16
13141646,1630524675,0x736fb95da476c78edddc91770565c8fd606b5442b7ccadc19fbc0ed646fad8b5,372,0x79b3f0b17565a3259e5ee2b66dbdbe3f638d610024c8955280e0dc0a38b68798,308,0xBedf3Cf16ba1FcE6c3B751903Cf77E51d51E05b8,0x16388463d60ffe0661cf7f1f31a7d658ac790ff7,0,2000000,1.05355E+11,0,1,,344444,transaction,3.63E+16
,,,,,,,,,,,,,,,,3.81E+18
13039891,1629165118,0x61c1dafba60bf558e43f1d92f6111a0e5d09e0345cdc81d10c4a378fc56361d6,621,0x5332c69e8998fd2007e44dda83e5a2fbae390ff67bb303bcf7a415e7226bb028,275,0x986176Df2e9dC6225DfB498D1869ABA04893dcE1,0x92be6adb6a12da0ca607f9d87db2f9978cd6ec3e,5E+16,208562,47300000000,0,1,,151682,transaction,7.17456E+15
,,,,,,,,,,,,,,,,
,,,,,,,,,,,,,,,,
,,,,,,,,,,,,,,,,
,,,,,,,,,,,,,,,,
,,,,,,,,,,,,,,,,
,,,,,,,,,,,,,,,,
,,,,,,,,,,,,,,,,
,,,,,,,,,,,,,,,,
,,,,,,,,,,,,,,,,
,,,,,,,,,,,,,,,,
,,,,,,,,,,,,,,,,
,,,,,,,,,,,,,,,,
,,,,,,,,,,,,,,,,
,,,,,,,,,,,,,,,,
,,,,,,,,,,,,,,,,
,,,,,,,,,,,,,,,,
,,,,,,,,,,,,,,,,
,,,,,,,,,,,,,,,,
,,,,,,,,,,,,,,,,
,,,,,,,,,,,,,,,,