blockNumber,timeStamp,hash,nonce,blockHash,transactionIndex,from,to,value,gas,gasPrice,isError,txreceipt_status,input,contractAddress,cumulativeGasUsed,gasUsed,confirmations,tx_type,type,traceId,errCode
12870163,1626875611,0xcf04b60a18ef78b83a21fa6e9c509ef9a0976a2331f05f6dcfbcadeaed040f7d,78,0xdd7050c0518c875a8f578d38fc35ffb679ca07f2aedbc141f66e13712dd511c7,1,0x740d25cFda3aF381D90B6800C245E670E7841cd8,0x16388463d60ffe0661cf7f1f31a7d658ac790ff7,0,6000000,17000000000,0,1,0x6a7612020000000000000000000000008d29be29923b68abfdd21e541b9374737b49cdad00000000000000000000000000000000000000000000000000000000000000000000000000000000000000000000000000000000000000000000000000000140000000000000000000000000000000000000000000000000000000000000000100000000000000000000000000000000000000000000000000000000000000000000000000000000000000000000000000000000000000000000000000000000000000000000000000000000000000000000000000000000000000000000000000000000000000000000000000000000000000000000000000000000000000000000000000000000000000000000000000000000000000000000000000000000000000000000000000000000000000000000000000000000000000000000040000000000000000000000000000000000000000000000000000000000000002848d80ff0a0000000000000000000000000000000000000000000000000000000000000020000000000000000000000000000000000000000000000000000000000000023d004962b6c40b5e9433e029c5c423f6b1ce7ff28b0f000000000000000000000000000000000000000000000000000000000000000000000000000000000000000000000000000000000000000000000000000000447c6a4f240000000000000000000000008784889b0d48a223c3f48312651643edd8526bbd000000000000000000000000000000000000000000000000000000000000206c008784889b0d48a223c3f48312651643edd8526bbd000000000000000000000000000000000000000000000000000000000000000000000000000000000000000000000000000000000000000000000000000000044641257d00ce0f1ef5aaab82547acc699d3ab93c069bb6e547000000000000000000000000000000000000000000000000000000000000000000000000000000000000000000000000000000000000000000000000000000447c6a4f240000000000000000000000003c126e06332dfa66282c5bd87ffd6ba372a31a62000000000000000000000000000000000000000000000000000000000000206c003c126e06332dfa66282c5bd87ffd6ba372a31a62000000000000000000000000000000000000000000000000000000000000000000000000000000000000000000000000000000000000000000000000000000044641257d00c9a62e09834cedcff8c136f33d0ae3406aea66bd000000000000000000000000000000000000000000000000000000000000000000000000000000000000000000000000000000000000000000000000000000044641257d0000000000000000000000000000000000000000000000000000000000000000000000000000000000000000000000000000000000000000000000000000c385bc200c37456e9ff0d6451ae413665554eca1ef16d5cea3d0e72b4c1f2fb1861c05e80e3cd5bcf5e8599fe37f7165cfbdf9d21f508466beb47bc577ce5f006b1ba10be057096bb93a17e2f2a51f36b6ef966f5f7fe339ca9421ef64d4c1eb40e106c25394c44f16806ec4bb64045dff47ceb3ba18824f4a3da42607402807edeb1b331530229ac042023b79d8602da3f22a2519ff265d135f12474a04fe61e96f8145b557172dbf1001b71f803c6baadca5d7c526715f1682706ff8df1aff3975af1c0000000000000000000000000000000000000000000000000000000000,,3181867,3054348,76020,transaction,,,
12870927,1626885925,0x217a4d6cbcbc1fcd6023a8fbcc94219f20bd69df38b8a39c8ff1a1960a4bba4c,79,0x5b404ab8269406193d63cc0bcef9de6584afc9da2fb650d2d1e42eccceb1fd6d,86,0x740d25cFda3aF381D90B6800C245E670E7841cd8,0xc9a62e09834cedcff8c136f33d0ae3406aea66bd,0,43120,35000000000,0,1,0xa05de31a0000000000000000000000000000000000000000000000000000000000000001,,12357407,28747,75256,transaction,,,
12871151,1626888675,0x4b7542de84f009137c4ebf3548a995c6c50152c2fdc7aea291f060c113a58378,80,0x86100aeb903485f6f406906946c3b986fa0f3fa3712c728eaa69759198804e6c,102,0x740d25cFda3aF381D90B6800C245E670E7841cd8,0x16388463d60ffe0661cf7f1f31a7d658ac790ff7,0,5000000,28000000000,0,1,0x6a7612020000000000000000000000008d29be29923b68abfdd21e541b9374737b49cdad0000000000000000000000000000000000000000000000000000000000000000000000000000000000000000000000000000000000000000000000000000014000000000000000000000000000000000000000000000000000000000000000010000000000000000000000000000000000000000000000000000000000000000000000000000000000000000000000000000000000000000000000000000000000000000000000000000000000000000000000000000000000000000000000000000000000000000000000000000000000000000000000000000000000000000000000000000000000000000000000000000000000000000000000000000000000000000000000000000000000000000000000000000000000000000000003c000000000000000000000000000000000000000000000000000000000000002448d80ff0a000000000000000000000000000000000000000000000000000000000000002000000000000000000000000000000000000000000000000000000000000001e400ce0f1ef5aaab82547acc699d3ab93c069bb6e547000000000000000000000000000000000000000000000000000000000000000000000000000000000000000000000000000000000000000000000000000000447c6a4f240000000000000000000000003c126e06332dfa66282c5bd87ffd6ba372a31a620000000000000000000000000000000000000000000000000000000000002710003c126e06332dfa66282c5bd87ffd6ba372a31a62000000000000000000000000000000000000000000000000000000000000000000000000000000000000000000000000000000000000000000000000000000044641257d004962b6c40b5e9433e029c5c423f6b1ce7ff28b0f000000000000000000000000000000000000000000000000000000000000000000000000000000000000000000000000000000000000000000000000000000447c6a4f240000000000000000000000008784889b0d48a223c3f48312651643edd8526bbd0000000000000000000000000000000000000000000000000000000000002710008784889b0d48a223c3f48312651643edd8526bbd000000000000000000000000000000000000000000000000000000000000000000000000000000000000000000000000000000000000000000000000000000044641257d000000000000000000000000000000000000000000000000000000000000000000000000000000000000000000000000000000000000000000000000000000000000000000000000000000000000000000000000000000c3fdf98cef47d0ea3964875d8999e943670fba5cce77bbad976722fc5902c8712c1b3151342494537128b94ae50c3cce485aa4dde8a4c7605261e44ab8e97b1ba21ca481be018e0eb28762199f269f98452652cd1ff69ae7f48e18dec5d92dfcf95820df721c1d3e6a2f8e132516fc1fdf85f3e9c2be83b08cbe2479ef48784e3dbd1c5ea21d352f605dcfce4db815e78cc73dd7d350d813afcd8da6c57d9c96617cfa7d5d23c917c0ae25fff6f573f031a94ff2b30f9a0eae5c76caed4c7ece5755b81b0000000000000000000000000000000000000000000000000000000000,,8052716,1871019,75032,transaction,,,
12916293,1627501218,0x96e3bae3551eec2402f63cb0e985cd856f0e6e9db4048acd732ba5d6d8822438,81,0xc00d60fd5a2cde8911110e9461e3bcf09366317bd9c382a08d1597ac1f9a0777,102,0x740d25cFda3aF381D90B6800C245E670E7841cd8,0x16388463d60ffe0661cf7f1f31a7d658ac790ff7,0,5000000,35000000000,0,1,0x6a7612020000000000000000000000008d29be29923b68abfdd21e541b9374737b49cdad00000000000000000000000000000000000000000000000000000000000000000000000000000000000000000000000000000000000000000000000000000140000000000000000000000000000000000000000000000000000000000000000100000000000000000000000000000000000000000000000000000000000000000000000000000000000000000000000000000000000000000000000000000000000000000000000000000000000000000000000000000000000000000000000000000000000000000000000000000000000000000000000000000000000000000000000000000000000000000000000000000000000000000000000000000000000000000000000000000000000000000000000000000000000000000000062000000000000000000000000000000000000000000000000000000000000004a48d80ff0a0000000000000000000000000000000000000000000000000000000000000020000000000000000000000000000000000000000000000000000000000000044f0019d3364a399d251e894ac732651be8b0e4e85001000000000000000000000000000000000000000000000000000000000000000000000000000000000000000000000000000000000000000000000000000000447c6a4f2400000000000000000000000032b8c26d0439e1959cea6262cbabc12320b384c400000000000000000000000000000000000000000000000000000000000000000019d3364a399d251e894ac732651be8b0e4e85001000000000000000000000000000000000000000000000000000000000000000000000000000000000000000000000000000000000000000000000000000000447c6a4f240000000000000000000000009f51f4df0b275dfb1f74f6db86219bae622b36ca000000000000000000000000000000000000000000000000000000000000000000b361a3e75bc2ae6c8a045b3a43e2b0c9ad890d48000000000000000000000000000000000000000000000000000000000000000000000000000000000000000000000000000000000000000000000000000000e4b7d86ff20000000000000000000000000000000000000000000000279db527a3d542c5230000000000000000000000000000000000000000000000000000000000c5158400000000000000000000000000000000000000000000000000000000000000600000000000000000000000000000000000000000000000000000000000000041980fd1315401fbfeb9718b6d4d4e42d313a585663439ca744d3ed45e7a202d40366027bd802fcccd7df46c386f934798bbf3a08cb49b2c38e5512ef0733771d21c000000000000000000000000000000000000000000000000000000000000000019d3364a399d251e894ac732651be8b0e4e85001000000000000000000000000000000000000000000000000000000000000000000000000000000000000000000000000000000000000000000000000000000447c6a4f24000000000000000000000000b361a3e75bc2ae6c8a045b3a43e2b0c9ad890d48000000000000000000000000000000000000000000000000000000000000000000b361a3e75bc2ae6c8a045b3a43e2b0c9ad890d48000000000000000000000000000000000000000000000000000000000000000000000000000000000000000000000000000000000000000000000000000000044641257d0019d3364a399d251e894ac732651be8b0e4e85001000000000000000000000000000000000000000000000000000000000000000000000000000000000000000000000000000000000000000000000000000000447c6a4f2400000000000000000000000057e848a6915455a7e77cf0d55a1474befd9c374d00000000000000000000000000000000000000000000000000000000000000000057e848a6915455a7e77cf0d55a1474befd9c374d000000000000000000000000000000000000000000000000000000000000000000000000000000000000000000000000000000000000000000000000000000044641257d00000000000000000000000000000000000000000000000000000000000000000000000000000000000000000000000000000000000000000000000000000000000000000000000000000000c3cfc6126fac9b54bf9afd0e5d347218b0d502769ba8caa3c9cce3e37cb194a39850e0c161503dd3227993ce13399e0656f6741e9a25c4ce66690e03bee3d0d2321c03f5aba4e4c9b99a9b06579478ef1b4c42dbd4f651866f4338a535962a42cc033a4c2de4c7338bc8b4201db349f3fa797ffd1cb61bf036483cb4e9dae2a278081c580cb66e35c700abf83f8093d096615d708a6f0856d501bb3ecd96c654517eb1039d1299bacd908d5d362e6b4d0f35133244d8d1cd685b34c260e2acd0baca2a1b0000000000000000000000000000000000000000000000000000000000,,9383861,1086511,29890,transaction,,,
12918302,1627528327,0xc1c32bb8ac339a05a1a46f225d57900987bc82a8039cce76824aa8f9a34d5484,82,0x159e413ffa48b49287b1b90fdcbd29ee9e17942be276e0bdbde7417534f7f737,145,0x740d25cFda3aF381D90B6800C245E670E7841cd8,0x16388463d60ffe0661cf7f1f31a7d658ac790ff7,0,6000000,21000000000,0,1,0x6a7612020000000000000000000000008d29be29923b68abfdd21e541b9374737b49cdad0000000000000000000000000000000000000000000000000000000000000000000000000000000000000000000000000000000000000000000000000000014000000000000000000000000000000000000000000000000000000000000000010000000000000000000000000000000000000000000000000000000000000000000000000000000000000000000000000000000000000000000000000000000000000000000000000000000000000000000000000000000000000000000000000000000000000000000000000000000000000000000000000000000000000000000000000000000000000000000000000000000000000000000000000000000000000000000000000000000000000000000000000000000000000000000003c000000000000000000000000000000000000000000000000000000000000002448d80ff0a000000000000000000000000000000000000000000000000000000000000002000000000000000000000000000000000000000000000000000000000000001e400671a912c10bba0cfa74cfc2d6fba9ba1ed9530b2000000000000000000000000000000000000000000000000000000000000000000000000000000000000000000000000000000000000000000000000000000447c6a4f24000000000000000000000000906f0a6f23e7160eb0927b0903ab80b5e3f3950d0000000000000000000000000000000000000000000000000000000000000fa000671a912c10bba0cfa74cfc2d6fba9ba1ed9530b2000000000000000000000000000000000000000000000000000000000000000000000000000000000000000000000000000000000000000000000000000000447c6a4f24000000000000000000000000a2a182c5b5ea1a3c90cb5bb718f9e62dbe052927000000000000000000000000000000000000000000000000000000000000177000906f0a6f23e7160eb0927b0903ab80b5e3f3950d000000000000000000000000000000000000000000000000000000000000000000000000000000000000000000000000000000000000000000000000000000044641257d00a2a182c5b5ea1a3c90cb5bb718f9e62dbe052927000000000000000000000000000000000000000000000000000000000000000000000000000000000000000000000000000000000000000000000000000000044641257d000000000000000000000000000000000000000000000000000000000000000000000000000000000000000000000000000000000000000000000000000000000000000000000000000000000000000000000000000000c3000000000000000000000000740d25cfda3af381d90b6800c245e670e7841cd80000000000000000000000000000000000000000000000000000000000000000018344952688a1f259da97224c6cdd61c085b357cea6a09a07be99c2bd2be50a242573fcc054c6ac311ae0e7dc9783beed1adfecef8db02deb162cbfd5ff6eec471cdef4e5cab1343fe27cf3c90713387a770b7b3df6db70c02a14165ebacb6fca4e19a93bc902d4d15027326d09bdc591bec68fef69e0ec364fc7b6c12c8d7054041b0000000000000000000000000000000000000000000000000000000000,,9965015,1407046,27881,transaction,,,
12918438,1627530113,0xcdba8152e7ed881cd7e6f16f97c78c0ccedeb2b25998c9305a18d88808b10251,83,0x458639514bcf37435444cd711a8bdb5924d3b5b2a61ed76922f52f93bba249bf,107,0x740d25cFda3aF381D90B6800C245E670E7841cd8,0x16388463d60ffe0661cf7f1f31a7d658ac790ff7,0,5000000,21000000000,0,1,0x6a7612020000000000000000000000008d29be29923b68abfdd21e541b9374737b49cdad00000000000000000000000000000000000000000000000000000000000000000000000000000000000000000000000000000000000000000000000000000140000000000000000000000000000000000000000000000000000000000000000100000000000000000000000000000000000000000000000000000000000000000000000000000000000000000000000000000000000000000000000000000000000000000000000000000000000000000000000000000000000000000000000000000000000000000000000000000000000000000000000000000000000000000000000000000000000000000000000000000000000000000000000000000000000000000000000000000000000000000000000000000000000000000000030000000000000000000000000000000000000000000000000000000000000001848d80ff0a00000000000000000000000000000000000000000000000000000000000000200000000000000000000000000000000000000000000000000000000000000132004da27a545c0c5b758a6ba100e3a049001de870f5000000000000000000000000000000000000000000000000000000000000000000000000000000000000000000000000000000000000000000000000000000449a99b4f000000000000000000000000016388463d60ffe0661cf7f1f31a7d658ac790ff7000000000000000000000000000000000000000000000000016221fedef83c70004da27a545c0c5b758a6ba100e3a049001de870f5000000000000000000000000000000000000000000000000000000000000000000000000000000000000000000000000000000000000000000000000000000441e9a695000000000000000000000000016388463d60ffe0661cf7f1f31a7d658ac790ff70000000000000000000000000000000000000000000000024fd81f71e58a5a0600000000000000000000000000000000000000000000000000000000000000000000000000000000000000000000000000000000000000000000000000000000000000000000000000c37245c0cc7ea876aa8f11dbbf64575168bbcfede82a960694015166b52dc16e9c31d29bb507844b7b2d2cdd241f004d31f30d8224eec7634910465f6ebc1c7f1d1b73d8fe721f269cbe1bb6cdd0f970317542334ae9335d4c121344b7023ccae4000a885f7d3e2d8aaf8da1e06040789dce584ddcbc3e80da118bd1b4c65661d0861b000000000000000000000000740d25cfda3af381d90b6800c245e670e7841cd80000000000000000000000000000000000000000000000000000000000000000010000000000000000000000000000000000000000000000000000000000,,9964796,503398,27745,transaction,,,
12921268,1627569527,0xb638a43e3c63d44754544fd0122d2c0c73226b6623d5c26a9c71c0b02e0df1b6,84,0xb512bd2885b3ae001a230606386dc4e0f5ece242e242f578a8be3991c4f4538b,66,0x740d25cFda3aF381D90B6800C245E670E7841cd8,0x16388463d60ffe0661cf7f1f31a7d658ac790ff7,0,5000000,31000000000,0,1,0x6a7612020000000000000000000000008d29be29923b68abfdd21e541b9374737b49cdad00000000000000000000000000000000000000000000000000000000000000000000000000000000000000000000000000000000000000000000000000000140000000000000000000000000000000000000000000000000000000000000000100000000000000000000000000000000000000000000000000000000000000000000000000000000000000000000000000000000000000000000000000000000000000000000000000000000000000000000000000000000000000000000000000000000000000000000000000000000000000000000000000000000000000000000000000000000000000000000000000000000000000000000000000000000000000000000000000000000000000000000000000000000000000000000056000000000000000000000000000000000000000000000000000000000000003e48d80ff0a0000000000000000000000000000000000000000000000000000000000000020000000000000000000000000000000000000000000000000000000000000038b00c9a62e09834cedcff8c136f33d0ae3406aea66bd000000000000000000000000000000000000000000000000000000000000000000000000000000000000000000000000000000000000000000000000000000044641257d0029d23b73dd0ed729f516bb55622765af102f0e33000000000000000000000000000000000000000000000000000000000000000000000000000000000000000000000000000000000000000000000000000000044641257d00f29ae508698bdef169b89834f76704c3b205aedf0000000000000000000000000000000000000000000000000000000000000000000000000000000000000000000000000000000000000000000000000000028494148415000000000000000000000000c9a62e09834cedcff8c136f33d0ae3406aea66bd00000000000000000000000029d23b73dd0ed729f516bb55622765af102f0e33000000000000000000000000fb5f4e0656ebff31743e674d324554fd185e1c4b000000000000000000000000000000000000000000000000000000000000000000000000000000000000000000000000000000000000000000000000000000000000000000000000000000000000000000000000000000000000000000000000000000000000000000000000000000000000000000000000000000000000000000000000000000000000000000000000000000000000000000000000000000000000000000000000000000000000000000000000000000000000000000000000000000000000000000000000000000000000000000000000000000000000000000000000000000000000000000000000000000000000000000000000000000000000000000000000000000000000000000000000000000000000000000000000000000000000000000000000000000000000000000000000000000000000000000000000000000000000000000000000000000000000000000000000000000000000000000000000000000000000000000000000000000000000000000000000000000000000000000000000000000000000000000000000000000000000000000000000000000000000000000000000000000000000000000000000000000000000000000000000000000000000000000000000000000000000000000000000000000000000000000000000000000000000000000000000000000000000000000000000000000000000000000000000000000000000000000000000000000000000000000000000000000000000000000000000000000000000000000000000000000000000000000000000000000000000000000000000000000000000000000000000000000000000000000000000c340ff6a2f812c9852d52c964e8bbf79e85593a2efeb3170863e7671fe4c94f54b4b03d628437a722abd8fbc2c55ece71615e260f8eaedc09f290468c3aee047811b000000000000000000000000740d25cfda3af381d90b6800c245e670e7841cd8000000000000000000000000000000000000000000000000000000000000000001256ed102cf3f09232434ed43e67d0a5032af616aa7d2b5b448dc15f9eb1bff6f427ad680a2e32016b6d7f793dbe3a5018cc2abd1ee35e2493497093178316e2e1b0000000000000000000000000000000000000000000000000000000000,,6157876,2370566,24915,transaction,,,
12926779,1627645598,0xc126b64c1a3687d88c8db63d4c4903c0d480824835a370b7ce6112cdf61d66c6,85,0x8013164124494cf98535ee6a932cf0ae4d37050bf06d1a7ba0dbf086aaaf59d3,132,0x740d25cFda3aF381D90B6800C245E670E7841cd8,0x16388463d60ffe0661cf7f1f31a7d658ac790ff7,0,5000000,27000000000,0,1,0x6a76120200000000000000000000000019d3364a399d251e894ac732651be8b0e4e85001000000000000000000000000000000000000000000000000000000000000000000000000000000000000000000000000000000000000000000000000000001400000000000000000000000000000000000000000000000000000000000000000000000000000000000000000000000000000000000000000000000000000f2a8000000000000000000000000000000000000000000000000000000000000000000000000000000000000000000000000000000000000000000000000000000000000000000000000000000000000000000000000000000000000000000000000000000000000000000000000000000000000000000000000000000000000000000000000000000000000000000000000000000000000000000000000000001c000000000000000000000000000000000000000000000000000000000000000447c6a4f2400000000000000000000000030010039ea4a0c4fa1ac051e8af948239678353d00000000000000000000000000000000000000000000000000000000000007d00000000000000000000000000000000000000000000000000000000000000000000000000000000000000000000000000000000000000000000000c32319bf42e67e0e4fdd8d3e27f9b0ce156a8a679879d24d34078dcb66a708ae9552d621207ec1d38aee96c7b3d4db140c5f3b2cb136d3bbcf69fe1714aa0d869b1cd7761871c88628d0ef8ccfd41dbcb409a8892b1cd5c0d7d99d11a6581137817167285c560b50e107ce1d374d949e27c47b633c5d5c6260597b2dbeb52c09dbde1b6d4134140e5db2b36a4c5ec9824d7e34b5fa3fb286ccac163299a92e4f64ee4367741bd5dd382760bf8e0d882fdf0f5718029f2635190223f358e02a842a02c71b0000000000000000000000000000000000000000000000000000000000,,8873899,89576,19404,transaction,,,
12927423,1627654237,0x046a785cf06b0a6429f2f9481117d74bfd2214ad5f2d81d79f89452c9f5dc747,86,0x39c42433fbd1f4366a404947283069f2f0532d7691f1ead7f61eb9ff860f7ceb,67,0x740d25cFda3aF381D90B6800C245E670E7841cd8,0x16388463d60ffe0661cf7f1f31a7d658ac790ff7,0,5000000,35000000000,0,1,0x6a7612020000000000000000000000008d29be29923b68abfdd21e541b9374737b49cdad00000000000000000000000000000000000000000000000000000000000000000000000000000000000000000000000000000000000000000000000000000140000000000000000000000000000000000000000000000000000000000000000100000000000000000000000000000000000000000000000000000000000000000000000000000000000000000000000000000000000000000000000000000000000000000000000000000000000000000000000000000000000000000000000000000000000000000000000000000000000000000000000000000000000000000000000000000000000000000000000000000000000000000000000000000000000000000000000000000000000000000000000000000000000000000000028000000000000000000000000000000000000000000000000000000000000001048d80ff0a000000000000000000000000000000000000000000000000000000000000002000000000000000000000000000000000000000000000000000000000000000b2008784889b0d48a223c3f48312651643edd8526bbd000000000000000000000000000000000000000000000000000000000000000000000000000000000000000000000000000000000000000000000000000000044641257d003c126e06332dfa66282c5bd87ffd6ba372a31a62000000000000000000000000000000000000000000000000000000000000000000000000000000000000000000000000000000000000000000000000000000044641257d00000000000000000000000000000000000000000000000000000000000000000000000000000000000000000000000000000000000000000000000000000000000000000000000000c32588f90bea53319d3e1ebc6c397c5ff5f3d9b45a288e612ae091ad89770d04fc6b600b0eacc3222c4b5239b6c35168dc978ea7731ad338c696e05a0e3715a71a1babcad39f1a24cde3bc3e092a325b9a3f4f498cfba59f527bca1124876e4f16d22cf0ca82daa254d2a7af5fc5aaf62209d2c806018c6c236d76039b7f2a158e441c055be76fe3a980f84d5db693e585a61223fa90ce740fbe9b687c453c5233660c1e6e5f06315f7b63facb2dc714f49401e504d6fec6de1ccbceab95b54547b26f1c0000000000000000000000000000000000000000000000000000000000,,6612574,2087965,18760,transaction,,,
